id,dataset,description,group
1,DEMO,Demographic Variables and Sample Weights,Demographics
2,HDL,Cholesterol - HDL,Laboratory
3,TRIGLY,"Cholesterol - LDL, Triglyceride & Apoliprotein (ApoB)",Laboratory
4,TCHOL,Cholesterol - Total,Laboratory
5,LAB13AM,Cholesterol - LDL & Triglycerides,Laboratory
6,DR1IFF,"Dietary Interview - Individual Foods, First Day",Dietary
7,DR2IFF,"Dietary Interview - Individual Foods, Second Day",Dietary
8,DR1TOT,"Dietary Interview - Total Nutrient Intakes, First Day",Dietary
9,DR2TOT,"Dietary Interview - Total Nutrient Intakes, Second Day",Dietary
10,DRXFCD,Dietary Interview Technical Support File - Food Codes,Dietary
11,DSBI,Dietary Supplement Database - Blend Information,Dietary
12,DSII,Dietary Supplement Database - Ingredient Information,Dietary
13,DSPI,Dietary Supplement Database - Product Information,Dietary
14,DS1IDS,"Dietary Supplement Use 24-Hour - Individual Dietary Supplements, First Day",Dietary
15,DS2IDS,"Dietary Supplement Use 24-Hour - Individual Dietary Supplements, Second Day",Dietary
16,DS1TOT,"Dietary Supplement Use 24-Hour - Total Dietary Supplements, First Day",Dietary
17,DS2TOT,"Dietary Supplement Use 24-Hour - Total Dietary Supplements, Second Day",Dietary
18,DSQIDS,Dietary Supplement Use 30-Day - Individual Dietary Supplements,Dietary
19,DSQTOT,Dietary Supplement Use 30-Day - Total Dietary Supplements,Dietary
20,AUX,Audiometry,Examination
21,AUXAR,Audiometry - Acoustic Reflex,Examination
22,AUXTYM,Audiometry - Tympanometry,Examination
23,AUXWBR,Audiometry - Wideband Reflectance,Examination
24,BPX,Blood Pressure,Examination
25,BPXO,Blood Pressure - Oscillometric Measurements,Examination
26,BMX,Body Measures,Examination
27,DXXAG,Dual-Energy X-ray Absorptiometry - Android/Gynoid Measurements,Examination
28,DXXFEM,Dual-Energy X-ray Absorptiometry - Femur,Examination
29,DXXSPN,Dual-Energy X-ray Absorptiometry - Spine,Examination
30,DXX,Dual-Energy X-ray Absorptiometry - Whole Body,Examination
31,LUX,Liver Ultrasound Transient Elastography,Examination
32,OHXDEN,Oral Health - Dentition,Examination
33,OHXREF,Oral Health - Recommendation of Care,Examination
34,ALB_CR,Albumin & Creatinine - Urine,Laboratory
35,SSAGP,Alpha-1-Acid Glycoprotein - Serum (Surplus),Laboratory
36,UTAS,Arsenic - Total - Urine,Laboratory
37,UAS,Arsenics - Speciated - Urine,Laboratory
38,UCM,Chromium - Urine,Laboratory
39,CRCO,Chromium & Cobalt,Laboratory
40,CBC,Complete Blood Count with 5-Part Differential,Laboratory
41,COT,Cotinine and Hydroxycotinine - Serum,Laboratory
42,UCOT,"Cotinine, Hydroxycotinine, & Other Nicotine Metabolites and Analogs - Urine",Laboratory
43,CMV,Cytomegalovirus IgG & IgM Antibodies - Serum,Laboratory
44,ETHOX,Ethylene Oxide,Laboratory
45,FASTQX,Fasting Questionnaire,Laboratory
46,FERTIN,Ferritin,Laboratory
47,FR,Flame Retardants - Urine,Laboratory
48,SSFR,Flame Retardants - Urine (Surplus),Laboratory
49,FOLATE,Folate - RBC,Laboratory
50,FOLFMS,Folate Forms - Total & Individual - Serum,Laboratory
51,GHB,Glycohemoglobin,Laboratory
52,SSGLYP,Glyphosate (GLYP) - Urine (Surplus),Laboratory
53,HEPA,Hepatitis A,Laboratory
54,HEPBD,"Hepatitis B: Core antibody, Surface antigen, and Hepatitis D antibody",Laboratory
55,HEPB_S,Hepatitis B: Surface Antibody,Laboratory
56,HEPC,"Hepatitis C: RNA (HCV-RNA), Confirmed Antibody (INNO-LIA), & Genotype",Laboratory
57,HEPE,Hepatitis E: IgG & IgM Antibodies,Laboratory
58,HSCRP,High-Sensitivity C-Reactive Protein,Laboratory
59,HIV,HIV Antibody Test,Laboratory
60,INS,Insulin,Laboratory
61,UIO,Iodine - Urine,Laboratory
62,FETIB,Iron Status - Serum,Laboratory
63,PBCD,"Lead, Cadmium, Total Mercury, Selenium, & Manganese - Blood",Laboratory
64,UHG,Mercury: Inorganic - Urine,Laboratory
65,IHGEM,"Mercury: Inorganic, Ethyl and Methyl - Blood",Laboratory
66,UM,Metals - Urine,Laboratory
67,UNI,Nickel - Urine,Laboratory
68,OPD,Organophosphate Insecticides - Dialkyl Phosphate Metabolites - Urine,Laboratory
69,PERNT,"Perchlorate, Nitrate & Thiocyanate - Urine",Laboratory
70,PFAS,Perfluoroalkyl and Polyfluoroalkyl Substances,Laboratory
71,SSPFAS,Perfluoroalkyl and Polyfluoroalkyl Substances (Surplus),Laboratory
72,PHTHTE,Phthalates and Plasticizers Metabolites - Urine,Laboratory
73,GLU,Plasma Fasting Glucose,Laboratory
74,BIOPRO,Standard Biochemistry Profile,Laboratory
75,TFR,Transferrin Receptor,Laboratory
76,UCFLOW,Urine Flow Rate,Laboratory
77,UCPREG,Urine Pregnancy Test,Laboratory
78,VITAEC,"Vitamin A, Vitamin E & Carotenoids",Laboratory
79,VIC,Vitamin C,Laboratory
80,VID,Vitamin D,Laboratory
81,UVOC,Volatile Organic Compound (VOC) Metabolites - Urine,Laboratory
82,SSUVOC,Volatile Organic Compound (VOC) Metabolites II - Urine (Surplus),Laboratory
83,VOCWB,Volatile Organic Compounds and Trihalomethanes/MTBE - Blood,Laboratory
84,ACQ,Acculturation,Questionnaire
85,ALQ,Alcohol Use,Questionnaire
86,AUQ,Audiometry,Questionnaire
87,BPQ,Blood Pressure & Cholesterol,Questionnaire
88,CDQ,Cardiovascular Health,Questionnaire
89,CBQ,Consumer Behavior,Questionnaire
90,CBQPFA,Consumer Behavior Phone Follow-up Module - Adult,Questionnaire
91,CBQPFC,Consumer Behavior Phone Follow-up Module - Child,Questionnaire
92,HSQ,Current Health Status,Questionnaire
93,DEQ,Dermatology,Questionnaire
94,DIQ,Diabetes,Questionnaire
95,DBQ,Diet Behavior & Nutrition,Questionnaire
96,DLQ,Disability,Questionnaire
97,DUQ,Drug Use,Questionnaire
98,ECQ,Early Childhood,Questionnaire
99,FSQ,Food Security,Questionnaire
100,HIQ,Health Insurance,Questionnaire
101,HEQ,Hepatitis,Questionnaire
102,HUQ,Hospital Utilization & Access to Care,Questionnaire
103,HOQ,Housing Characteristics,Questionnaire
104,IMQ,Immunization,Questionnaire
105,INQ,Income,Questionnaire
106,KIQ_U,Kidney Conditions - Urology,Questionnaire
107,MCQ,Medical Conditions,Questionnaire
108,DPQ,Mental Health - Depression Screener,Questionnaire
109,OCQ,Occupation,Questionnaire
110,OHQ,Oral Health,Questionnaire
111,OSQ,Osteoporosis,Questionnaire
112,PUQMEC,Pesticide Use,Questionnaire
113,PAQ,Physical Activity,Questionnaire
114,PAQY,Physical Activity - Youth,Questionnaire
115,PFQ,Physical Functioning,Questionnaire
116,RXQ_RX,Prescription Medications,Questionnaire
117,RXQ_DRUG,Prescription Medications - Drug Information,Questionnaire
118,RXQASA,Preventive Aspirin Use,Questionnaire
119,RHQ,Reproductive Health,Questionnaire
120,SLQ,Sleep Disorders,Questionnaire
121,SMQ,Smoking - Cigarette Use,Questionnaire
122,SMQFAM,Smoking - Household Smokers,Questionnaire
123,SMQRTU,Smoking - Recent Tobacco Use,Questionnaire
124,SMQSHS,Smoking - Secondhand Smoke Exposure,Questionnaire
125,VTQ,Volatile Toxicant,Questionnaire
126,WHQ,Weight History,Questionnaire
127,WHQMEC,Weight History - Youth,Questionnaire
128,ALQY,Alcohol Use - Youth,Limited Access
129,CHLA,Chlamydia - Urine - Adult,Limited Access
130,CHLM,Chlamydia - Urine - Youth,Limited Access
131,DUQY,Drug Use - Youth,Limited Access
132,GEO_2010,"Geocoded Data, NHANES 1999-2018, Census 2010",Limited Access
133,HSVA,Herpes Simplex Virus Type-1 and Type-2,Limited Access
134,HSV,Herpes Simplex Virus Type-2 - Youth,Limited Access
135,HPWC,Human Papillomavirus (HPV) DNA - Vaginal Swab: Roche Cobas High-Risk - Adults,Limited Access
136,HPVC,Human Papillomavirus (HPV) DNA - Vaginal Swab: Roche Cobas High-Risk - Youth,Limited Access
137,HPVW,Human Papillomavirus (HPV) DNA - Vaginal Swab: Roche Linear Array - Adults,Limited Access
138,HPVS,Human Papillomavirus (HPV) DNA - Vaginal Swab: Roche Linear Array - Youth,Limited Access
139,PBY,Lead - Blood - Youth,Limited Access
140,DPQY,Mental Health - Depression Screener - Youth,Limited Access
141,MGEA,Mycoplasma genitalium - Urine - Adult,Limited Access
142,MGEN,Mycoplasma genitalium - Urine - Youth,Limited Access
143,SXQ,Sexual Behavior - Adult,Limited Access
144,SXQY,Sexual Behavior - Youth,Limited Access
145,TRIA,Trichomonas - Urine - Adult,Limited Access
146,TRIC,Trichomonas - Urine - Youth,Limited Access
147,LAB13,Cholesterol - Total & HDL,Laboratory
148,L13,Cholesterol - Total & HDL,Laboratory
149,L13AM,Cholesterol - LDL & Triglycerides,Laboratory
150,LAB18,Standard Biochemistry Profile & Hormones,Laboratory
151,L40,Standard Biochemistry Profile,Laboratory
152,DRXIFF,Dietary Interview - Individual Foods,Dietary
153,DRXTOT,Dietary Interview - Total Nutrient Intakes,Dietary
154,DRXFMT,Dietary Interview Technical Support File - Food Code Format File,Dietary
155,DSQFILE1,"Dietary Supplement Use 30-Day - File 1, Supplement Counts",Dietary
156,DSQFILE2,"Dietary Supplement Use 30-Day - File 2, Participant's Use of Supplements",Dietary
157,AUX1,Audiometry,Examination
158,BAX,Balance,Examination
159,BIX,Bioelectrical Impedance Analysis,Examination
160,CVX,Cardiovascular Fitness,Examination
161,LEXABPI,Lower Extremity Disease - Ankle Brachial Blood Pressure Index,Examination
162,LEXPN,Lower Extremity Disease - Peripheral Neuropathy,Examination
163,MSX,Muscle Strength,Examination
164,OHXDENT,Oral Health - Dentition,Examination
165,OHXPERIO,Oral Health - Periodontal,Examination
166,SEQ,Shared Exclusion Questions,Examination
167,TB,Tuberculosis,Examination
168,VIX,Vision,Examination
169,SSAFB,Aflatoxin B1-lysine - Serum (Surplus),Laboratory
170,LAB16,Albumin & Creatinine - Urine,Laboratory
171,SSAMH,Anti-Mullerian Hormone (AMH) & Inhibin-B (Surplus),Laboratory
172,SSCHL,Sex Steroid Hormone - Men (Surplus),Laboratory
173,L02HBS,Hepatitis B Surface Antibod,Laboratory
174,L02HPA,Hepatitis A Antibody,Laboratory
175,PH,Fasting Questionnaire,Laboratory
176,PHPYPA,"Phthalates, Phytoestrogens & PAHs - Urine PHPYPA Urinary Phthalates",Laboratory
177,UC,Pregnancy Test - Urine,Laboratory
178,LAB03,"HIV Antibody Test, CD4+ T Lymphocytes & CD8+ T Cells",Laboratory
179,LAB04,Volatile Organic Compounds - Blood & Water,Laboratory
180,LAB05,Chlamydia & Gonorrhea - Urine,Laboratory
181,LAB06,"Cadmium, Lead, Mercury, Cotinine & Nutritional Biochemistries",Laboratory
182,LAB06HM,Metals - Urine,Laboratory
183,LAB07,Latex,Laboratory
184,LAB10,Glycohemoglobin,Laboratory
185,LAB10AM,"Plasma Fasting Glucose, Serum C-peptide & Insulin",Laboratory
186,LAB11,C-Reactive Protein (CRP),Laboratory
188,LAB17,Cryptosporidum & Toxoplasma,Laboratory
189,LAB18T4,Thyroid - Stimulating Hormone & Thyroxine (TSH & T4),Laboratory
190,LAB19,"Measles, Rubella, & Varicella",Laboratory
191,LAB20,Lead - Dust,Laboratory
192,LAB21,Volatile Organic Compounds (VOC) - Personal Exposure Badge,Laboratory
193,LAB25,Complete Blood Count with 5-part Differential - Whole Blood,Laboratory
194,LAB22,Mercury - Hair,Laboratory
195,LAB28POC,"Dioxins, Furans, & Coplanar PCBs",Laboratory
196,L11_2_R,"C-Reactive Protein & Others, Second Exam",Laboratory
197,SSFOL,Folic Acid - Unmetabolized (Surplus),Laboratory
198,L09RDC,Herpes Simplex Virus Type-2 - Youth,Laboratory
199,LAB09,Herpes Simplex Virus Type-1 & Type-2,Laboratory
200,L05RDC,Chlamydia & Gonorrhea - Urine - Youth,Laboratory
201,L06_2_00,"Cadmium, Lead, Ferritin, Serum Folate, RBC Folate, Vitamin B12, Homocysteine, Methylmalonic acid, Cotinine & Other Selected Nutritional Biochemistries - Blood, Second Exam",Laboratory
202,VID_2_00,"Vitamin D, Second Exam",Laboratory
203,L10_2_00,"Glycohemoglobin, Plasma Glucose, Serum C-peptide, & Insulin, Second Exam",Laboratory
204,L18_2_00,"Standard Biochemistry Profile & Hormones, Second Exam",Laboratory
205,L13_2_R,"Cholesterol - Total, HDL, LDL & Triglycerides, Second Exam",Laboratory
206,L19_2_R,"Measles, Rubella, & Varicella, Second Exam",Laboratory
207,L16_2_R,"Creatinine & Albumin - Urine, Second Exam",Laboratory
208,L25_2_r,"Complete Blood Count with 5-part Differential - Whole Blood, Second Exam",Laboratory
209,VIT_2_R,"Vitamin A & Vitamin E, Second Exam",Laboratory
211,SSCYST,Cystatin C - Serum (Surplus),Laboratory
212,SSHSV1,Herpes Simplex Virus Type-1 (Surplus),Laboratory
213,SSMUMP,Mumps Antibody - Serum (Surplus),Laboratory
214,SSPFC,Perfluoroalkyl Chemicals - Serum (Surplus),Laboratory
215,SSTFR,Transferrin Receptor - Pregnant Women (Surplus),Laboratory
216,SSVARI,Varicella-Zoster Virus Antibody (Surplus),Laboratory
217,LAB26PP,"Pesticides - Current Use - Urine (Formerly Priority Pesticides, Non-persistent Pesticide Metabolites)",Laboratory
218,SSOL,Monoclonal gammopathy of undetermined significance (MGUS) (Surplus),Laboratory
219,TELO,Telomere Mean and Standard Deviation (Surplus),Laboratory
220,TFA,Trans Fatty Acids,Laboratory
221,SSNORO,Norovirus antibody - Serum,Laboratory
222,SSCMV,Cytomegalovirus Antibodies - Serum (Surplus),Laboratory
223,ALQYTH,Alcohol Use - Youth,Questionnaire
224,CIQGAD,Mental Health - Generalized Anxiety Disorder,Questionnaire
225,CIQMDEP,Mental Health - Depression,Questionnaire
226,CIQPANIC,Mental Health - Panic Disorder,Questionnaire
227,BAQ,Balance,Questionnaire
228,CFQ,Cognitive Functioning,Questionnaire
229,KIQ,Kidney Conditions,Questionnaire
230,MPQ,Miscellaneous Pain,Questionnaire
231,RXQ_ANA,Analgesic Pain Relievers,Questionnaire
232,PUQ,Pesticide Use,Questionnaire
233,PAQIAF,Physical Activity - Individual Activities,Questionnaire
234,RDQ,Respiratory Health,Questionnaire
235,SMQMEC,Smoking - Adult Recent Tobacco Use & Youth Cigarette/Tobacco Use,Questionnaire
236,SSQ,Social Support,Questionnaire
237,TBQ,Tuberculosis,Questionnaire
238,VIQ,Vision,Questionnaire
239,YCQ,Mental Health - Conduct Disorder - Youth,Questionnaire
240,SXQYTH,Sexual Behavior - Youth,Questionnaire
241,L09RDC_A,Herpes Simplex Virus Type-2 - Youth,Limited Access
242,DXX_2_00,"Dual-Energy X-ray Absorptiometry - Whole Body, Second Exam",Limited Access
243,L05RDC_A,Chlamydia & Gonorrhea - Urine - Youth,Limited Access
244,DSQ1,"Dietary Supplement Use 30-Day - File 1, Supplement Counts",Dietary
245,DSQ2,"Dietary Supplement Use 30-Day - File 2, Participant's Use of Supplements",Dietary
246,DXX_2,"Dual-Energy X-ray Absorptiometry - Whole Body, Second Exam",Examination
247,LEXAB,Lower Extremity Disease - Ankle Brachial Blood Pressure Index,Examination
248,OHXPRL,Oral Health - Periodontal/Lower,Examination
249,OHXPRU,Oral Health - Periodontal/Upper,Examination
250,L16,Albumin & Creatinine - Urine,Laboratory
251,DRXMCD,Dietary Interview Technical Support File - Modification Codes,Dietary
252,DTQ,Dietary Screener Questionnaire,Dietary
253,FFQDC,Food Frequency Questionnaire - Output from DietCalc Software,Dietary
254,FFQRAW,Food Frequency Questionnaire - Raw Questionnaire Responses,Dietary
255,FOODLK,Food Frequency Questionnaire - Look-Up Table FOODLOOK,Dietary
256,VARLK,Food Frequency Questionnaire - Look-Up Table VARLOOK,Dietary
257,ARX,Arthritis Body Measures,Examination
258,CSX,Taste & Smell,Examination
259,DEX,Dermatology,Examination
260,DXX_2DXXAAC,Dual-Energy X-ray Absorptiometry - Abdominal Aortic Calcification,Examination
261,DXXFRX,Dual-Energy X-ray Absorptiometry - FRAX Score,Examination
262,DXXL1,Dual-Energy X-ray Absorptiometry - L1 Vertebrae Morphology,Examination
263,DXXL2,Dual-Energy X-ray Absorptiometry - L2 Vertebrae Morphology,Examination
264,DXXL3,Dual-Energy X-ray Absorptiometry - L3 Vertebrae Morphology,Examination
265,DXXL4,Dual-Energy X-ray Absorptiometry - L4 Vertebrae Morphology,Examination
266,DXXT10,Dual-Energy X-ray Absorptiometry - T10 Vertebrae Morphology,Examination
267,DXXT11,Dual-Energy X-ray Absorptiometry - T11 Vertebrae Morphology,Examination
268,DXXT12,Dual-Energy X-ray Absorptiometry - T12 Vertebrae Morphology,Examination
269,DXXT4,Dual-Energy X-ray Absorptiometry - T4 Vertebrae Morphology,Examination
270,DXXT5,Dual-Energy X-ray Absorptiometry - T5 Vertebrae Morphology,Examination
271,DXXT6,Dual-Energy X-ray Absorptiometry - T6 Vertebrae Morphology,Examination
272,DXXT7,Dual-Energy X-ray Absorptiometry - T7 Vertebrae Morphology,Examination
273,DXXT8,Dual-Energy X-ray Absorptiometry - T8 Vertebrae Morphology,Examination
274,DXXT9,Dual-Energy X-ray Absorptiometry - T9 Vertebrae Morphology,Examination
275,DXXVFA,Dual-Energy X-ray Absorptiometry - Vertebral Fracture Assessment,Examination
276,ENX,Exhaled Nitric Oxide,Examination
277,FLXCLN,Fluorosis - Clinical,Examination
278,MGX,Muscle Strength - Grip Test,Examination
279,OHX,Oral Health,Examination
280,OHXADD,Oral Health - Addendum,Examination
281,OHXPER,Oral Health - Periodontal,Examination
282,OPXFDT,Ophthalmology - Frequency Doubling Technology,Examination
283,OPXRET,Ophthalmology - Retinal Imaging,Examination
284,PAX80,Physical Activity Monitor - Raw Data 80hz,Examination
285,PAXDAY,Physical Activity Monitor - Day,Examination
286,PAXHD,Physical Activity Monitor - Header,Examination
287,PAXHR,Physical Activity Monitor - Hour,Examination
288,PAXLUX,Physical Activity Monitor - Ambient Light Raw Data,Examination
289,PAXMIN,Physical Activity Monitor - Minute,Examination
290,PAXRAW,Physical Activity Monitor,Examination
291,SPX,Spirometry - Pre and Post-Bronchodilator,Examination
292,SPXRAW,Spirometry - Raw Curve Data,Examination
293,TBX,Tuberculosis,Examination
294,AA,Aromatic Amines - Urine,Laboratory
295,AAS,Aromatic Amines - Urine - Special Sample,Laboratory
296,AL_IGE,Allergen Specific IgE(s) & Total IgE - Serum,Laboratory
297,ALD,Aldehydes - Serum,Laboratory
298,ALDS,Aldehydes - Serum - Special Sample,Laboratory
299,ALDUST,Allergens - Household Dust,Laboratory
300,AMDGDS,Acrylamide & Glycidamide - Special Sample,Laboratory
301,AMDGYD,Acrylamide & Glycidamide,Laboratory
302,APOB,Apolipoprotein B,Laboratory
303,B12,Vitamin B12,Laboratory
304,BFRPOL,Brominated Flame Retardants (BFRs) - Pooled Samples,Laboratory
305,CAFE,Caffeine & Caffeine Metabolites - Urine,Laboratory
306,CARB,Pesticides - Carbamates & Organophosphorus Metabolites - Urine,Laboratory
307,CHLMDA,Chlamydia & Gonorrhea - Urine,Laboratory
308,COTNAL,Cotinine - Serum & Total NNAL - Urine,Laboratory
309,CRP,C-Reactive Protein (CRP),Laboratory
310,CUSEZN,"Copper, Selenium & Zinc - Serum",Laboratory
311,DEET,DEET and Metabolites,Laboratory
312,DOXPOL,"Polychlorinated dibenzo-p-dioxins (PCDDs), Dibenzofurans (PCDFs) & Coplanar Polychlorinated Biphenyls (cPCBs) - Pooled Samples",Laboratory
313,EPH,Environmental Phenols & Parabens,Laboratory
314,EPHPP,Personal Care and Consumer Product Chemicals and Metabolites,Laboratory
315,EPP,Erythrocyte Protoporphyrin,Laboratory
316,ETHOXS,Ethylene Oxide - Special Sample,Laboratory
317,FAS,Fatty Acids - Serum,Laboratory
318,FLDEP,Fluoride - Plasma,Laboratory
319,FLDEW,Fluoride - Water,Laboratory
320,FORMAL,Formaldehyde,Laboratory
321,FORMAS,Formaldehyde - Special Sample,Laboratory
322,HCAA,Heterocyclic Aromatic Amines - Urine,Laboratory
323,HCAAS,Heterocyclic Aromatic Amines (HCAA) - Urine - Special Sample,Laboratory
324,HCY,Homocysteine,Laboratory
325,HPVP,Human Papillomavirus (HPV) DNA Results from Penile Swab Samples: Roche Linear Array,Laboratory
326,HPVSER,"Human Papillomavirus (HPV) - 6, 11, 16 & 18 Antibody – Serum: 4-plex CLIA",Laboratory
327,HPVSRM,"Human Papillomavirus (HPV) - Multiplexed 6, 11, 16, 18, 31, 33, 45, 52 & 58 Antibody – Serum: 9-plex CLIA",Laboratory
328,HPVSWC,Human Papillomavirus (HPV) DNA - Vaginal Swab: Roche Cobas High-Risk,Laboratory
329,HPVSWR,Human Papillomavirus (HPV) DNA - Vaginal Swab: Digene Hybrid Capture & Roche Linear Array,Laboratory
330,IHG,Mercury: Inorganic - Blood,Laboratory
331,L02,Hepatitis B: Core Antibody & Surface Antigen; Hepatitis C: Confirmed Antibody & RNA (HCV-RNA); Hepatitis D Antibody,Laboratory
332,L03,"HIV Antibody Test, CD4+ T Lymphocytes & CD8+ T Cells",Laboratory
333,L04PER,Perchlorate - Urine,Laboratory
334,L04VOC,Volatile Organic Compounds - Blood & Water,Laboratory
335,L05,Chlamydia & Gonorrhea - Urine,Laboratory
336,L06,"Cadmium, Lead, Mercury, Cotinine & Nutritional Biochemistries",Laboratory
337,L06_2,"Cadmium, Lead, Total Mercury, Ferritin, Serum Folate, RBC Folate, Vitamin B12, Homocysteine, Methylmalonic acid, Cotinine - Blood, Second Exam",Laboratory
338,L06AGE,Acrylamide & Glycidamide,Laboratory
339,L06BMT,"Cadmium, Lead, & Total Mercury - Blood",Laboratory
340,L06COT,Cotinine - Serum,Laboratory
341,L06HM,Metals - Urine,Laboratory
342,L06MH,Methylmalonic acid & Homocysteine,Laboratory
343,L06NB,"Folate - RBC & Serum, and Vitamin B12",Laboratory
344,L06PHY,Phytoestrogens - Urine,Laboratory
345,L06TFR,Ferritin & Transferrin Receptor,Laboratory
346,L06UAS,Arsenics - Total & Speciated - Urine,Laboratory
347,L06UHG,Mercury: Inorganic - Urine,Laboratory
348,L06UIO,Iodine - Urine,Laboratory
349,L06VIT,"Vitamin A, Vitamin E & Carotenoids",Laboratory
350,L09,Herpes Simplex Virus Type-1 & Type-2,Laboratory
351,L10,Glycohemoglobin,Laboratory
352,L10_2,"Glycohemoglobin, Plasma Glucose, Serum C-peptide, & Insulin, Second Exam",Laboratory
353,L10AM,"Plasma Fasting Glucose, Serum C-peptide & Insulin",Laboratory
354,L11,"C-Reactive protein (CRP), Fibrinogen, Bone Alkaline Phosphatase & Urinary N-telopeptides",Laboratory
355,L11_2,"C-Reactive Protein & Others, Second Exam",Laboratory
356,L11P_2,"Prostate-specific Antigen (PSA), Second Exam",Laboratory
357,L11PSA,Prostate specific antigen (PSA),Laboratory
358,L13_2,"Cholesterol - Total, HDL, LDL & Triglycerides, Second Exam",Laboratory
359,L16_2,"Creatinine & Albumin - Urine, Second Exam",Laboratory
360,L17,"Toxoplasma (IgG), Toxoplasma (IgM),Toxoplasma (Dye),Toxoplasma Differential Agglutination, & Toxoplasma (Avidity)",Laboratory
361,L19,"Measles, Rubella, & Varicella",Laboratory
362,L19_2,"Measles, Rubella, & Varicella, Second Exam",Laboratory
363,L20,Lead - Dust,Laboratory
364,L24EPH,Environmental Phenols,Laboratory
365,L24PFC,Polyfluoroalkyl Chemicals,Laboratory
366,L24PH,Phthalates - Urine,Laboratory
367,L24PP,Pesticides - Environmental - Urine,Laboratory
368,L25,Complete Blood Count with 5-part Differential - Whole Blood,Laboratory
369,L25_2,"Complete Blood Count with 5-part Differential - Whole Blood, Second Exam",Laboratory
370,L26OPD,Organophosphate Insecticides - Diakyl Phosphate Metabolites - Urine,Laboratory
371,L26PP,"Pesticides - Current Use - Urine (Formerly Priority Pesticides, Non-persistent Pesticide Metabolites)",Laboratory
372,L26UPP,"Pesticides - Current Use - Urine (Formerly Priority Pesticides, Non-persistent Pesticide Metabolites)",Laboratory
373,L28DFP,"Dioxins, Furans, & Coplanar PCBs",Laboratory
374,L28NPB,Non-dioxin-like Polychlorinated Biphenyls,Laboratory
375,L28OCP,Pesticides - Organochlorine Metabolites - Serum (Surplus),Laboratory
376,L28PBE,Brominated Flame Retardants (BFRs),Laboratory
377,L28POC,"Dioxins, Furans, & Coplanar PCBs",Laboratory
378,L31PAH,Polyaromatic Hydrocarbons (PAHs) - Urine,Laboratory
379,L34,Bacterial vaginosis (BV) & Trichomonas vaginalis,Laboratory
380,L35,Methicillin - Resistant Staphylococcus aureus (MRSA),Laboratory
381,L36,"Syphilis-IgG, Syphilis Rapid Plasma Reagin (RPR) & Treponema pallidum Particle Agglutination (TP-PA)",Laboratory
382,L37SWA,Human Papillomavirus (HPV) DNA - Vaginal Swab: Digene Hybrid Capture & Prototype Line Blot Assay,Laboratory
383,L37SWR,Human Papillomavirus (HPV) DNA - Vaginal Swab: Roche Linear Array,Laboratory
384,L39,Erythrocyte Protoporphyrin,Laboratory
385,L39_2,Erythrocyte Protoporphyrin,Laboratory
386,L39EPP,Erythrocyte Protoporphyrin & Selenium,Laboratory
387,L40_2,"Standard Biochemistry Profile, Follicle Stimulating Hormone & Luteinizing Hormone, Second Exam",Laboratory
388,L40FE,"Iron, Total Iron Binding Capacity (TIBC), & Transferrin Saturation",Laboratory
389,L40T4,Thyroid - Stimulating Hormone & Thyroxine (TSH & T4),Laboratory
390,L43,Vitamin B6,Laboratory
391,L45VIT,"Vitamin A, Vitamin E & Carotenoids",Laboratory
392,L52SER,"Human Papillomavirus (HPV) - 6, 11, 16 & 18 Antibody - Serum: 4-plex CLIA",Laboratory
393,LAB02,Hepatitis B: Core Antibody & Surface Antigen; Hepatitis C: Confirmed Antibody & RNA (HCV-RNA); Hepatitis D Antibody,Laboratory
394,MMA,Methylmalonic Acid,Laboratory
395,MMRV,"Measles, Mumps, Rubella & Varicella",Laboratory
396,OGTT,Oral Glucose Tolerance Test,Laboratory
397,ORHPV,Human Papillomavirus (HPV) - Oral Rinse,Laboratory
398,PAH,Polyaromatic Hydrocarbons (PAHs) - Urine,Laboratory
399,PAHS,Polyaromatic Hydrocarbons (PAHs)- Urine - Special Sample,Laboratory
400,PCBPOL,Non-dioxin-like Polychlorinated Biphenyls & Mono-ortho-substituted Polychlorinated Biphenyls - Pooled Samples,Laboratory
401,PERNTS,"Perchlorate, Nitrate & Thiocyanate - Urine - Special Sample",Laboratory
402,PFC,Polyfluoroalkyl Chemicals,Laboratory
403,PFC_POOL,Polyfluoroalkyl Chemicals - Pooled Samples (Surplus),Laboratory
404,PHYTO,Phytoestrogens - Urine,Laboratory
405,POOLTF,Pooled-Sample Technical Support File,Laboratory
406,PP,Pesticides - Environmental - Urine,Laboratory
407,PSA,Prostate Specific Antigen (PSA),Laboratory
408,PSTPOL,Pesticides - Organochlorine Pesticides - Pooled Samples,Laboratory
409,PTH,Parathyroid Hormone,Laboratory
410,SSANA,Autoantibodies - Immunofluorescence & Immunoprecipitation Analyses (Surplus),Laboratory
411,SSANA2,Autoantibodies - Immunofluorescence Analyses (Surplus),Laboratory
412,SSBFR,Brominated Flame Retardants (BFRs) - Pooled Samples (Surplus),Laboratory
413,SSBNP,N-terminal Pro-BNP (Surplus),Laboratory
414,SSCA,Cancer antigen CA125 and CA15.3 - Serum (Surplus),Laboratory
415,SSCARD,"Glycated albumin, Beta-2 Microglobulin, Cystatin C (Surplus)",Laboratory
416,SSCGA,"Cancer antigen CA125, CA15.3 and HE4 IgG antibodies - Serum (Surplus)",Laboratory
417,SSCLTY,Chlorinated Tyrosine – Serum (Surplus),Laboratory
418,SSCMVG,Cytomegalovirus Genotypes - Urine (Surplus),Laboratory
419,SSCT,Chlamydia Pgp3 (plasmid gene product 3) ELISA (enzyme linked immunosorbent assay) and multiplex bead array (MBA) results,Laboratory
420,SSDEET,DEET Metabolites - Urine - Surplus,Laboratory
421,SSDFS,Autoantibodies - Anti-DFS70 Autoantibody Analyses (Surplus),Laboratory
422,SSEBV,Epstein-Barr Virus (VCA IgG) - Serum (Surplus),Laboratory
423,SSFA,Fatty Acids - Plasma (Surplus),Laboratory
424,SSFLRT,Flame Retardant Metabolites - Urine (Surplus),Laboratory
425,SSHCV,Hepatitis C Antibody Reflex Testing - Serum (Surplus),Laboratory
426,SSHCVR,Hepatitis C RNA (HCV-RNA) & HCV Genotype (Surplus),Laboratory
427,SSHE4,Human epididymal secretory protein E4 (HE4) - Serum (Surplus),Laboratory
428,SSHEPC,Hepatitis C: Confirmed Antibody (INNO-LIA),Laboratory
429,SSHPV,Human Papillomavirus (HPV) Viral Load - Oral Rinse - Oral High-Risk HPV Infections (Surplus),Laboratory
430,SSKL,Klotho - Serum (Surplus),Laboratory
431,SSMEL,Melamine - Urine (Surplus),Laboratory
432,SSMHHT,"Mono-2-ethyl-5-hydroxyhexyl terephthalate, mono-2-ethyl-5-carboxypentyl terephthalate, and monooxoisononyl phthalate - Urine (Surplus)",Laboratory
433,SSNEON,Neonicotinoids - Urine - Surplus,Laboratory
434,SSNH4THY,Thyroid Profile (Surplus),Laboratory
435,SSNO3P,"Perchlorate, Nitrate & Thiocyanate - Urine (Surplus)",Laboratory
436,SSPCB,Non-dioxin-like Polychlorinated Biphenyls - Pooled Samples (Surplus Sera),Laboratory
437,SSPFAC,Perfluoroalkyl and Polyfluoroalkyl Substances in US children 3-11 Years of Age,Laboratory
438,SSPFSU,Perfluoroalkyl and Polyfluoroalkyl Substances,Laboratory
439,SSPHTE,Phthalates and Plasticizers Metabolites - Urine (Surplus),Laboratory
440,SSPOLI,"Poliovirus Serotypes 1, 2, & 3 Antibodies - Serum (Surplus)",Laboratory
441,SSPST,Pesticides - Organochlorine Metabolites - Serum - Pooled Samples (Surplus),Laboratory
442,SSPT,Pertussis and tetanus – Serum (Surplus),Laboratory
443,SSQFEV,Coxiella Burnetii (Q Fever) Antibodies - Serum (Surplus),Laboratory
444,SSSAL,Salmonella & Campylobacter Antibodies (Surplus),Laboratory
445,SSSNFL,Serum Neurofilament Light Chain - Serum,Laboratory
446,SSTERP,Terpenes – Serum (Surplus),Laboratory
447,SSTOCA,Antibody to Toxocara spp. (Surplus),Laboratory
448,SSTOXO,Toxoplasma Gondii Antibody - Serum (Surplus),Laboratory
449,SSTROP,High-sensitivity cardiac troponins (Surplus),Laboratory
450,SSUCSH,Cytomegalovirus shedding - Urine (Surplus),Laboratory
451,SSUSG,Urine Specific Gravity Measurement (Surplus),Laboratory
452,TGEMA,Tissue Transglutaminase Assay (IgA-TTG) & IgA Endomyseal Antibody Assay (IgA EMA),Laboratory
453,THYROD,Thyroid Profile,Laboratory
454,TRICH,Trichomonas - Urine,Laboratory
455,TSNA,Tobacco-specific Nitrosamines (TSNAs) - Urine,Laboratory
456,TST,Total Testosterone,Laboratory
457,UADM,Aromatic Diamines - Urine,Laboratory
458,UAM,Atrazine and Metabolites,Laboratory
459,UASS,Arsenics - Total & Speciated - Urine - Special Sample,Laboratory
460,UCOSMO,Osmolality - Urine,Laboratory
461,UCOTS,"Cotinine, Hydroxycotinine, & Other Nicotine Metabolites and Analogs - Urine - Special Sample",Laboratory
462,UFLDE,Fluoride - Urine,Laboratory
463,UHM,Metals - Urine,Laboratory
464,UHMS,Metals - Urine - Special Sample,Laboratory
465,UMS,Metals - Urine - Special Sample,Laboratory
466,UPHOPM,"Pyrethroids, Herbicides, & OP Metabolites - Urine",Laboratory
467,UPP,"Pesticides - Current Use - Urine (Formerly Priority Pesticides, Non-persistent Pesticide Metabolites)",Laboratory
468,UTASS,Arsenic - Total - Urine - Special Sample,Laboratory
469,UVOCS,Volatile Organic Compound (VOC) Metabolites - Urine - Special Sample,Laboratory
470,VIT_B6,Vitamin B6,Laboratory
471,VITB12,Vitamin B12,Laboratory
472,VNA,Volatile N-Nitrosamine Compounds (VNAs) - Urine,Laboratory
473,VNAS,Volatile N-Nitrosamine Compounds (VNAs) - Urine - Special Sample,Laboratory
474,VOC,Volatile Organic Compounds - Water & Related Questionnaire Items,Laboratory
475,VOCMWB,Volatile Organic Compounds - Trihalomethanes/MTBE/Nitromethane - Blood,Laboratory
476,VOCWBS,Volatile Organic Compounds (VOCs) and Trihalomethanes/MTBE - Blood - Special Sample,Laboratory
477,WPIN,"Perchlorate, Nitrate & Iodide - Tap Water",Laboratory
478,AGQ,Allergy,Questionnaire
479,AQQ,Air Quality,Questionnaire
480,ARQ,Arthritis,Questionnaire
481,BHQ,Bowel Health,Questionnaire
482,CIQDEP,Mental Health - Depression,Questionnaire
483,CIQPAN,Mental Health - Panic Disorder,Questionnaire
484,CKQ,Creatine Kinase,Questionnaire
485,CSQ,Taste & Smell,Questionnaire
486,HCQ,Hepatitis C Follow Up,Questionnaire
487,KIQ_P,Prostate Conditions,Questionnaire
488,PSQ,Prostate Specific Antigen Follow-up,Questionnaire
489,RXQANA,Analgesic Pain Relievers,Questionnaire
490,SXQ,Sexual Behavior,Questionnaire
491,VIT_2,,Laboratory
492,HSV,Herpes Simplex Virus Type-1 & Type-2,Laboratory
493,ALQY,Alcohol Use (Ages 18-19),Questionnaire
494,TB,,Laboratory
495,DXXAAC,Dual-Energy X-ray Absorptiometry - Abdominal Aortic Calcification,Examination
